{
  "epsilons": [
    0.001,
    0.005,
    0.01,
    0.05,
    0.1
  ],
  "kl_values": [
    1e-12,
    4.6835635885520475,
    8.024507466389705,
    8.344936401849084,
    8.345251645512658
  ],
  "params": {
    "grid": 16,
    "seed": 0,
    "setup": "peaked-left vs peaked-right 1D prox"
  }
}