{
  "classification": "lambda-monotone with lambda_hat ~= 67.7921",
  "lambda_hat_mean": 67.79207651498466,
  "lambda_hat_std": 3.7751971182783928,
  "n_pairs": 3,
  "steps": 50,
  "seed_base": 42,
  "grid_size": 64,
  "h": 0.002,
  "n_inner": 1,
  "sinkhorn_epsilon": 0.01,
  "coupling_variant": "dell",
  "per_pair": [
    {
      "seed_a": 42,
      "seed_b": 1042,
      "lambda_hat": 64.27721966574197,
      "fit_points": 9,
      "monotone_decreasing": true,
      "rebounded": false,
      "d0": 0.17641436561654278,
      "d_final": 6.397160160686796e-07
    },
    {
      "seed_a": 43,
      "seed_b": 1043,
      "lambda_hat": 66.06920237807707,
      "fit_points": 9,
      "monotone_decreasing": true,
      "rebounded": false,
      "d0": 0.12145864252722752,
      "d_final": 3.6659900418470337e-07
    },
    {
      "seed_a": 44,
      "seed_b": 1044,
      "lambda_hat": 73.02980750113497,
      "fit_points": 8,
      "monotone_decreasing": true,
      "rebounded": false,
      "d0": 0.11066212378903298,
      "d_final": 1.8364930741421315e-07
    }
  ],
  "trajectories": [
    [
      0.17641436561654278,
      0.11086264340734275,
      0.08267332661871649,
      0.06371474141367464,
      0.04999131554099042,
      0.0396532395155047,
      0.03167706992354799,
      0.02542435085543123,
      0.02046781457029363,
      0.0165076376700617,
      0.013325647588641316,
      0.010758808027732488,
      0.008682673491924687,
      0.007000761237796521,
      0.005637237760938244,
      0.004531817505779112,
      0.003636193127197449,
      0.0029113481062564457,
      0.002325614992110323,
      0.0018531913941579716,
      0.001472996524171235,
      0.0011677723460772694,
      0.0009233751015313681,
      0.0007282214520088551,
      0.0005728316762192293,
      0.00044946067043849687,
      0.00035179495863249706,
      0.00027470658599958956,
      0.0002140322210918994,
      0.00016640691722519686,
      0.00012912235685873588,
      0.00010000653438482082,
      7.732341033630727e-05,
      5.9690861321793666e-05,
      4.601262376135052e-05,
      3.542223340995219e-05,
      2.7237173689331415e-05,
      2.0921145433980964e-05,
      1.6054423591784633e-05,
      1.2309283625389945e-05,
      9.430660579120426e-06,
      7.220352919547375e-06,
      5.524776862917552e-06,
      4.225141430889631e-06,
      3.2297143247499507e-06,
      2.467777867036329e-06,
      1.8849031259123364e-06,
      1.4392406114645609e-06,
      1.0986405035847899e-06,
      8.384347799537603e-07,
      6.397160160686796e-07
    ],
    [
      0.12145864252722752,
      0.07657957338486024,
      0.05656316806551695,
      0.04313523766087401,
      0.033524943550893034,
      0.026389340270076916,
      0.020950860694161556,
      0.01672834149647404,
      0.013406978366964637,
      0.010770279717813948,
      0.008663127530433053,
      0.0069710330920252405,
      0.005607877322585614,
      0.004507570000598555,
      0.0036185454213924478,
      0.0029000886685041057,
      0.0023197501337135122,
      0.0018514966258002651,
      0.0014742860213112332,
      0.00117100771692204,
      0.0009277195791753678,
      0.0007330426940013882,
      0.0005776906486555725,
      0.0004540701627804315,
      0.0003559839871004082,
      0.00027838485830508544,
      0.00021717223322849453,
      0.00016902507341560926,
      0.00013126073446728496,
      0.00010172146232986963,
      7.867586318060713e-05,
      6.074081338411884e-05,
      4.681481549574998e-05,
      3.602540587956289e-05,
      2.768320760856459e-05,
      2.1245318219933508e-05,
      1.6285582515852826e-05,
      1.2470532615305695e-05,
      9.540123928680408e-06,
      7.292089643865136e-06,
      5.569537421984058e-06,
      4.251016332655101e-06,
      3.2427018311102437e-06,
      2.472256754720674e-06,
      1.8840204910686512e-06,
      1.435188590150592e-06,
      1.0929142165490985e-06,
      8.320255819706593e-07,
      6.332541602560929e-07,
      4.818646037211757e-07,
      3.6659900418470337e-07
    ],
    [
      0.11066212378903298,
      0.06306007193831645,
      0.0459802692648755,
      0.034658583736087635,
      0.026626978408298627,
      0.020709628380810977,
      0.01623939673591774,
      0.012801717789715481,
      0.01012449069844483,
      0.008021047417074136,
      0.006358571238242028,
      0.00503950798787447,
      0.003990565295478979,
      0.0031556381232023117,
      0.0024911017044181175,
      0.001962607222574994,
      0.0015428914703784899,
      0.0012101824187340463,
      0.0009470229346764669,
      0.0007393782772972899,
      0.0005759558664334965,
      0.0004476737454212343,
      0.0003472351931525378,
      0.0002687938343230601,
      0.00020767943137681068,
      0.00016017615137933414,
      0.0001233362419437332,
      9.482648862547526e-05,
      7.280633173442196e-05,
      5.582921825935273e-05,
      4.276210364851166e-05,
      3.271993743372663e-05,
      2.5013000343467387e-05,
      1.9105646283462674e-05,
      1.458272641522481e-05,
      1.1123269644514218e-05,
      8.47958617366737e-06,
      6.460960044533254e-06,
      4.92069694187601e-06,
      3.746115718553447e-06,
      2.8509003963108834e-06,
      2.1689604100729593e-06,
      1.649706516678763e-06,
      1.254473444470272e-06,
      9.537388130330393e-07,
      7.249733586390389e-07,
      5.509983740875982e-07,
      4.1871990009122173e-07,
      3.181628280132451e-07,
      2.4173272688502584e-07,
      1.8364930741421315e-07
    ]
  ],
  "plot": {
    "path": "experiments/lambda_monotonicity_plot.png",
    "note": null
  }
}